"","B_cells_naive","B_cells_memory","Plasma_cells","T_cells_CD8","T_cells_CD4_naive","T_cells_CD4_memory_resting","T_cells_CD4_memory_activated","T_cells_follicular_helper","T_cells_regulatory_(Tregs)","T_cells_gamma_delta","NK_cells_resting","NK_cells_activated","Monocytes","Macrophages_M0","Macrophages_M1","Macrophages_M2","Dendritic_cells_resting","Dendritic_cells_activated","Mast_cells_resting","Mast_cells_activated","Eosinophils","Neutrophils","P-value","Correlation","RMSE"
"RS_03238953",0.174151497097707,0,0.046998959398804,0.116657899779387,0,0.263917062594144,0,0,0.09849936397117,0,0.0447798168261913,0.00509102097437897,0.0361412277750552,0.0320111842679344,0,0.153537159471323,0,0.0122353207478912,0,0.0159794870960138,0,0,0.326,0.0621263607199831,1.07061821964306
"RS_03238954",0,0.0134023397751496,0.0902613334525065,0.248358228849431,0,0,0.082640093615315,0.125333958790806,0.0577937343276938,0,0,0.0692095099753161,0.017109670712957,0.0302658545508452,0.0597433318109164,0.121568533443006,0.0116514632806608,0.0119866010558135,0.0606753463595838,0,0,0,0.03,0.175462889417555,1.01808632585743
"RS_03238955",0,0.0375442601857739,0.0833383898054063,0.186298675936114,0,0.0359924375444891,0,0.129445812673216,0.0409112561442119,0,0,0.116547062575398,0.0339276282422222,0,0.0251832282311258,0.245848353956452,0,0,0.0649628947055902,0,0,0,0.678,0.0135512488596396,1.08673668377438
"RS_03238956",0,0,0,0,0,0.343613157583211,0,0.22527766633622,0,0,0,0.0319476175174425,0,0.0505258492716575,0,0.304892623617354,0,0,0,0.0437430856741147,0,0,0.969,-0.038092676290958,1.1305160000921
"RS_03238957",0,0,0.204505011069195,0.0585757658995724,0,0.0793244111534341,0.0436191258185079,0.0595072359381493,0.0100914012545097,0,0.0308734029723038,0.00306231368289623,0.00917113987513598,0.0137808697194982,0.165570986530066,0.162079547151331,0,0.108942335391527,0.0325843971359423,0,0,0.0183120564079309,0.003,0.249560900076853,0.989441279143396
"RS_03238958",0,0.000150313463180532,0.0811376692631315,0.0734170581325845,0,0.125981956530152,0.0980113672352501,0.0163841973818369,0,0,0.0386205383539899,0.00343666482073027,0.00807518965964856,0.0884762461312701,0.0737228793714102,0.251851206932376,0,0.0632544029668611,0.0665413966655997,0,0,0.0109389130919794,0.069,0.135877073983351,1.02560337793015
"RS_03238959",0.0595227825725988,0,0.071770422044262,0.0867256881073,0.00204083250887411,0.125470673833524,0.120773317145303,0,0,0,0.0661314853966378,0,0.0207814097639197,0.0278623607334827,0.0575190779128619,0.259767627824758,0,0.0306608512359927,0.0709734709204855,0,0,0,0.0610000000000001,0.14330476695166,1.0175645849317
"RS_03238960",0.0779747010759052,0,0.00761699934024839,0.023053738847555,0,0.300780529247975,0,0.0527489725449257,0.0262516930643508,0,0.0288511306575659,0,0.000463673739527531,0.0770092657730159,0.017934163877533,0.288601881724665,0,0.00859995271844319,0.0748122767034727,0,0,0.0153010206848167,0.631,0.0196463789137246,1.07973463038016
"RS_03238961",0.215489433839696,0,0.088683830191756,0.0319484670550817,0.066668617558279,0.21033073278767,0,0.0329215013133661,0,0,0,0,0.0116833345463499,0,0.0262455964666277,0.187222141726405,0.0655676621615499,0.0117065361216135,0,0.0515321462316054,0,0,0.799,-0.0032401635845645,1.07991952149361
"RS_03238962",0.058787192842267,0,0.335276400127867,0.00662211924574687,0,0.231129156839223,0,0.030523016070108,0,0,0.0471642775146625,0,0.00970528959142142,0.0728965756889584,0.0359950627369715,0.114415150438974,0,0.00273671087063023,0,0.05474904803317,0,0,0.163,0.0993886534740717,1.02925094188282
"RS_03238963",0.0338522600891992,0,0.0488645473257286,0.0870744980775479,0,0.203713019521456,0.0102997224031805,0.0404827005603492,0.0147167909291719,0,0.0204763334284244,0,0.00869527779146973,0.0455438141719048,0.054253469434815,0.252414143895634,0.0751224821424711,0.00950792654648683,0.0949830136821605,0,0,0,0,0.320553925543376,0.949690707968284
"RS_03238964",0.0635069592067392,0,0.0124511795200795,0,0.0195544625286733,0.147631982735013,0,0.0114941254848488,0.00341466213603117,0,0.00698421154642161,0,0.00982971278653966,0.406862633419831,0,0.242399068575956,0,0.0433645024266424,0,0.0325064996332247,0,0,0.055,0.146942870875607,1.07807642469239
"RS_03238965",0.0103872300226768,0.0227429708577715,0.049786055708446,0.0616100892443906,0.0697885046754743,0.024727744640994,0,0.116539301136685,0.0209948027129241,0,0,0.0851052894483725,0.0542139388524362,0.0248216366676638,0.00210881835622532,0.319838280760499,0,0.0224164137761278,0.114918923139313,0,0,0,0.043,0.160875928371616,1.01777458015287
"RS_03238966",0,0.0499271920532298,0.0291342766402559,0.0647199703064166,0,0.254011895463704,0.045734560970011,0.00416604287746891,0,0,0,0.0242131087444056,0.00276113955856566,0.120863724762915,0.0548533655618901,0.186173817540475,0,0,0.163440905520662,0,0,0,0.001,0.287113202480258,0.965431203250912
"RS_03238967",0.0521404136644671,0.0708984785553323,0.000770936118226262,0.0673549596706505,0,0.200619792127911,0.0501865375709658,0,0.0575821146839313,0,0,0.0215794927423529,0.0172505430505881,0.0316514891182521,0.109198831366242,0.167120948173164,0,0.00230229386379519,0.151343169294122,0,0,0,0.073,0.133896768665888,1.02964258459883
"RS_03238968",0.0680429599930359,0,0.0261263613128197,0.00860292137248147,0,0.09840548735114,0,0.0631760277470868,0.0140975538705885,0,0,0.0240269411685031,0.0178667370198626,0.410385114659464,0,0.168595193869701,0,0.0338291372263064,0.0668455644090096,0,0,0,0,0.488992685917582,0.873437726601245
"RS_03238969",0.0157511734948446,0,0.0761220568515508,0,0,0.238787147345589,0,0.0416986784077349,0.0469184442929889,0,0,0.02373546330453,0.0401011612008971,0.0355998663873436,0,0.29427666603272,0,0.0613817677119674,0.125627574969833,0,0,0,0.954,-0.0306258856420532,1.08558072232987
"RS_03238970",0.00957124722695245,0.0289050249409337,0.0105050296613931,0.0409002244312183,0,0.169356095075262,0,0.0277175977242371,0,0,0.0653676607943113,0.000939501138888212,0.0443279748424198,0.14301803399645,0.0163890178948404,0.32426191212508,0,0.0455981229122101,0.0731425572358038,0,0,0,0.273,0.0725123460450557,1.06358998651206
"RS_03238971",0.0137048969472513,0.108254430963497,0.0466732652422156,0.0928640658006258,0,0.278063651692237,0.125323717876456,0.0546763500972885,0.00477107761787652,0,0.0426622784230361,0,0.031356868001213,0,0.0279212259250251,0.106447368563097,0,0.0128258847693055,0.054454918080875,0,0,0,0.029,0.179698613921446,1.01266648927823
"RS_03238972",0.0220408978716981,0,0.00238086844233267,0,0,0.27005708117231,0,0.0404200302702427,0.0308200454641044,0,0.0614715398335995,0,0.039448125509434,0.272137721465842,0.0128779077299451,0.134406329149599,0,0,0,0.0971446168308101,0,0.0167948362600829,0.005,0.226003463855144,1.00706975332491
"RS_03238973",0.120254633346695,0,0.294049742251321,0.0796793618951214,0.0227473820003812,0.0202969002935327,0,0.144375841903133,0,0,0.00211266849214708,0.0222627472705543,0.0628336823204478,0.0451393566935249,0.00566655387027943,0.0850127100358533,0,0.00447453110343183,0.0609145898643395,0,0,0.0301792986592378,0.002,0.251826460464542,0.973181965292925
"RS_03238974",0.0117477025013049,0,0.0353491411309987,0.189779182089922,0,0.0667387652583962,0,0.090342748774122,0.0615430286666351,0,0,0.116673673451157,0.00937079207776182,0.1589161554642,0.0298679904892477,0.223876268608281,0,0,0,0.00510815312600737,0,0.000686398361965825,0.011,0.214228111776135,1.01382165477048
"RS_03238975",0.118845569867543,0.220048602396921,0.0115726546245176,0.0576632905689018,0.10663369424186,0.0482806950120702,0.00519863877224025,0.0209516400333078,0.02097601160812,0,0.0354789065319956,0,0.0347085301582352,0.14476201461351,0.0489146303039418,0.0832257440397275,0,0.0220524856973827,0.0181745353319855,0,0,0.00251235619774024,0,0.511195815405701,0.861977353242408
"RS_03238976",0.116430750639351,0,0.0138088983042941,0.0768951619150495,0,0.184448463029412,0,0.0321101707420342,0.141787875400096,0,0,0.0266951423848024,0.0836510543845201,0.14056147136815,0.00457254568745684,0.0770302493225748,0,0.000559903070763032,0.101448313751497,0,0,0,0.591,0.0242517839860864,1.07441003913046
"RS_03238977",0.165702660747573,0.305283367220256,0,0.0275579015166418,0.0487128333793816,0.214950944356979,0,0.0340186108786501,0,0,0.064807491133812,0,0.0375473655588977,0,0.0210663940062048,0.0399983406495966,0,0.0191622921907246,0.0211917983612824,0,0,0,0,0.454739698298089,0.891506193555664
"RS_03238978",0.0116562346388888,0.00976425409823684,0.123870439651961,0.108694428861737,0.0354959278086721,0,0.0848014388090841,0.218104699669714,0,0,0.0118021127938474,0.00321689852098061,0.0196110207185169,0.0198630262498458,0.024256740520601,0.205467192588483,0,0.0624732548036677,0.0591280816441136,0,0.00179424862165021,0,0.256,0.0762515809013268,1.04129271256955
"RS_03238979",1.80004375977663e-05,0.0814328912372484,0.128534400901565,0.107373187987181,0.0507020324586824,0.133257475424422,0,0.0504832693914149,0.0608347230977568,0,0.0174946305853829,0.0153148429139301,0.0431648172773883,0.0628879573767845,0.0491431186454669,0.165963847632855,0,0,0.0282456692664368,0,0,0.00514913536588594,0.154,0.103333982984721,1.03470389011369
"RS_03238980",0,0.0479468610926694,0,0.049779285889838,0,0.440363063379666,0,0.0421351215907309,0.01739648407041,0,0.0218407812386961,0,0.042327152929443,0.0646101137157857,0.0916144907927222,0.0434538192835572,0.00323604360715868,0.00623051408700077,0.129066268322322,0,0,0,0.225,0.0819212275217236,1.06829572252671
"RS_03238981",0.0569925918732266,0,0.136759300762687,0.0757290265854537,0,0.158076935691494,0,0.183963567315695,0,0,0,0.0800564644938148,0.0406993028546728,0.0347033284017723,0.0712169274799029,0.10169299071628,0,0,0.0601095638250018,0,0,0,0.867,-0.0133795924182937,1.08633798337548
"RS_03238982",0,0.0361003820971199,0.0182053000706729,0.0463773956662761,0,0.174584085982813,0,0.122078878511572,0,0,0,0.0748294339891387,0.0400460132452219,0.0174181774393257,0.0413926401509437,0.295485914382452,0,0.0406446165309145,0.0928371619335494,0,0,0,0.881,-0.0155693014651073,1.0892046506903
"RS_03238983",0.0325259020520042,0,0.000629617733360679,0,0.0230148104695546,0.169966649654091,0,0.0341705471147739,0.0257773058395612,0,0.0714028868722516,0,0.0406604011692866,0.328392126036344,0.0049118629495728,0.119620921806739,0,0,0,0.103576664229828,0,0.0453503040726329,0.165,0.0981380741841001,1.07688202209033
"RS_03238984",0,0.0265678534320595,0.0784314993711857,0.14468815033019,0,0.0921216864076267,0.0178570057551928,0.127700969460536,0.0559307228299261,0,0.0266574482619193,0.036495179472519,0.0256326886932424,0.0188267842063246,0.044601372481575,0.124746676231668,0,0.12811522031819,0.0272752983624864,0,0,0.0243514443853588,0.003,0.240612902652186,0.987330799636005
"RS_03238985",0.0466204368205965,0,0.0340793681913001,0.0864890104155863,0,0.134746627500971,0.0632440816709794,0.165504568626277,0,0,0.0154629538231686,0.0234158972819779,0.0279045783836872,0.0420551581235095,0.13102266883732,0.178341219432761,0,0,0.0511134308918671,0,0,0,0.172,0.0961827474311919,1.05095601691474
"RS_03238986",0.0984658979010286,0.0853268481839996,0.148335738098553,0.0940724843517213,0,0.222416298370816,0.0129975674061185,0.0461082528327768,0,0,0,0.0341901663678955,0.0367615004204815,0.000585153980341497,0,0.0815943985608319,0,0.0717314833718439,0.0674142101535918,0,0,0,0.091,0.122464445733916,1.0278876869743
"RS_03238987",0.0573327780622464,0,0.00011346168482277,0.145940005490582,0,0.198409789204113,0.00330865533947276,0.0478981782762284,0,0,0.0668856214131359,0,0.0875181861367731,0,0.184025210542683,0.0783726393774697,0,0.0909076849939081,0.0392877894785656,0,0,0,0,0.326515725867005,0.965307627813279
"RS_03238988",0.118966057351794,0,0.0458122999860012,0.020223894430895,0.0170368044051442,0.239371771242023,0,0,0,0,0.03284942523323,0,0.0113909208469802,0.0918134267466102,0,0.21048098631971,0,0.0152547231961083,0.196799690241504,0,0,0,0.175,0.0935382439433512,1.04300942063722
"RS_03238989",0.102622827281589,0,0.00684244796661429,0,0.0365974247880628,0.227849537544495,0,0.0473310216849789,0.072469526063486,0,0.0429220933126866,0.00638078217833437,0.0302653138286824,0,0,0.279422706882163,0,0.0678428707063981,0.0636732913437565,0.00745874913283589,0,0.00832140728591705,0.985,-0.0467427106859457,1.09840675669934
"RS_03238990",0.0234481354728824,0.0061558647593618,0.0434826547204957,0.0262239058974224,0,0.244364070422286,0,0.139749529668192,0,0,0.0228327923840183,0.00316828532124167,0.0257866963893518,0.0657225159081018,0.00258980176240908,0.272841306631161,0,0.0884753308265216,0.035159109836554,0,0,0,0.815,-0.00513380274851918,1.08650762379881
"RS_03238991",0,0.00958798471887079,0.0294281399415067,0,0,0.319900606104707,0,0.0307343747915946,0.00959478600834212,0,0.060582410714082,0.0325476480812019,0.0581573318834546,0.0913159973458269,0.0396998933712704,0.140023557484325,0.0570706884452412,0.0739691378813207,0.0473874432282558,0,0,0,0.821,-0.00595159131133384,1.08502513030046
"RS_03238992",0.0808344365379627,0,0.0713586554320905,0.123920865812513,0.0322722837662702,0.154976702042142,0,0.0249690316563038,0.0145286907396889,0,0.0410760924348946,0,0.00466683649483408,0,0.0114356374435545,0.364074535811388,0,0.0157667501902237,0.0469105277374031,0,0,0.0132089539007316,0.9,-0.0185204119507406,1.08993020988321
"RS_03238993",0,0.0206903539295169,0.0396985046669326,0.148821694422452,0.06102440002425,0,0.0601466375472251,0.067427468259751,0.00276232656311303,0,0.0231116123601244,0.00912423859978194,0.0142079587204596,0.128009431936204,0.0773913805125068,0.161030114377972,0,0.099409897655002,0.0666511615382107,0,0,0.0204928188864983,0.506,0.034036671383708,1.07169245628863
"RS_03238994",0.047582614336347,0,0.048420102164098,0.0649079453480943,0,0.205185811033361,0,0.0750344427248083,0,0,0.050978060708068,0.0106399393034954,0.0440139029883374,0.22153371571058,0.013778366953422,0.0863470925270246,0,0.0286029499478708,0.102859802738508,0,0,0.000115253515984884,0.391,0.0527253043029819,1.0633297400548
"RS_03238995",0,0.0893149718147116,0.203511574703072,0.0889991656003682,0,0.0562992651614616,0.0106998385599116,0.0572330911396928,0.0615510248759455,0,0,0.0246024994542664,0,0.0890648994653987,0.0603605241540165,0.141252453220925,0,0.0260879675535091,0.0726829614824168,0,0,0.0183397628143049,0.207,0.0856445224992536,1.03189482352731
"RS_03238996",0.0716041200823854,0,0.0225829012708847,0.0332574498107021,0,0.153555069716791,0,0.101843947700839,0.0262600689229013,0,0,0.0345655664965632,0.0139889364055225,0.299647699162088,0,0.167914946662853,0,0.0240772325180709,0,0.00503304643176456,0.0456690148186353,0,0.884,-0.0158855634758988,1.11519465485995
"RS_03238997",0.00286885474548809,0,0,0.0158778345122528,0,0.19633835151992,0,0.0330424000659938,0,0,0,0.0280421320036303,0.0803155021863617,0.0351373222365241,0.0247604096380696,0.326535687105077,0,0.0210069484773847,0.215760566518824,0,0,0.0203139909904745,0.11,0.116495112446255,1.04340455624165
"RS_03238999",0.0354991806894093,0,0.0507474193706116,0.0778604945124836,0.0569205388439326,0.122836452018346,0,0.0861206944607301,0.0239043684765182,0,0.0543567539507672,0.000478774094498609,0.0325725271250289,0.0860573461925303,0.00761346739015231,0.0730465651934463,0,0,0.291985417681545,0,0,0,0.078,0.129169600107404,1.03871146576796
"RS_03239000",0.0062607635560261,0.0829466893840357,0.0520832094390946,0.127378872486159,0.0707325641546038,0.0363191756270134,0,0.0611909662294482,0.0959609183761985,0,0,0.0954327637639596,0.0583343034057548,0.0061010561260393,0.00826934761055395,0.172314347382193,0,0.00690853637279929,0.101569684567724,0,0,0.0181968015183972,0.002,0.258228475892853,0.978463430670274
"RS_03239001",0.132352427836288,0.0613875797765741,0.0244292489771358,0,0,0.190133158112963,0.0105334546740487,0,0.0241210394818329,0,0,0,0.00675614203841707,0.0887507310041068,0.00187091758005403,0.132440985395153,0,0.0141446698583177,0.288835283780043,0,0,0.024244361485066,0,0.358333495131544,0.936333521872283
"RS_03239002",0,0.013138932780793,0.103291735415338,0.148404622206858,0,0.0158349490929388,0.0693711868351986,0.0586276542930421,0.0306307392506673,0,0.00509916269157713,0.0546812854708677,0.00899396297855338,0.181136109117679,0.0879226190377716,0.212481132346263,0,0,0.0103859084824523,0,0,0,0,0.401963970275559,0.915706202272032
"RS_03239003",0.524512255055571,0,0.0299746481100652,0.0210601515813708,0.0582069915687406,0.114205433318264,0,0.0345812557854765,0,0,0.0918204772241495,0,0.0378844699875441,0,0,0.0499148597851788,0,0.00355228555778653,0.0342871720258534,0,0,0,0.021,0.188518907968007,1.0480772520461
"RS_03239004",0,0.108062298793223,0.154217027681224,0.0442824998075824,0,0.269343933731859,0,0.0450083065146826,0.0180071157338789,0,0,0.0202375034434512,0.0143919628828734,0.0323789244486101,0,0.0749691504132117,0,0.0679764543316815,0.148351974431158,0,0,0.00277284778656472,0.079,0.128666074976857,1.02243029987331
"RS_03239005",0,0.108110450286837,0.100159153227712,0.13915067723915,0,0.11464718104724,0,0.129011736925622,0.0414614438057165,0,0.000500393586327361,0.0362602339338109,0.0231540465619845,0.0857974610292298,0.00671422593784617,0.17832207270974,0,0,0.0292433041286648,0,0.0074676195801187,0,0.03,0.175763723434171,1.01108720848175
"RS_03239006",0.115867501023718,0,0.00924703639227956,0,0,0.216516866976694,0,0.0570155404022715,0.0586806733650203,0,0.0759482670238664,0.00755239914517732,0.0578597700191798,0.0853229536919566,0.00571481226902459,0.0764333485826795,0,0.00522276874968703,0.226638296222942,0,0,0.00197976613550315,0.917,-0.0220681676676177,1.09155345208069
"RS_03239007",0,0.130928581230586,0.0971219526050607,0.0755512436405219,0,0.245143354066152,0.0159748965510891,0.040361043740624,0,0,0.00931939927345929,0.0090325406645906,0.0344779275248513,0.0109466662663294,0.0199826864636502,0.144504021452125,0,0.0187324811317495,0.104558573127594,0,0,0.0433646322616175,0,0.301921689476661,0.955806521243181
"RS_03239008",0.00209193724905703,0.00869605617308489,0.0227220179129493,0.0331915867263974,0,0.143567113868252,0.0410568354454873,0.14121183362452,0,0,0.0577713193396116,0.0348942453481111,0.0319015023326129,0.17671479225021,0.0887720921634875,0.172655933031632,0,0.00770253328351384,0.0350728197678059,0,0.00197738148326641,0,0,0.336087572893535,0.947156149890708
"RS_03239009",0,0.00312596146754543,0.0346942619079803,0.212183745922245,0,0.00731018320129765,0.104425118448932,0.115906884576347,0.0389743232100197,0,0,0.0600098591763604,0.0193725450757674,0.0553617579578797,0.122351680419466,0.111929093724379,0,0.00687985841062102,0.100264932685235,0,0,0.00720979381592283,0,0.323271978291038,0.954116358958004
"RS_03239010",0.0134472267898253,0,0,0.0132803880929786,0,0.113077930060199,0,0.05747772678357,0.0630849666460566,0,0,0.0821746955726084,0.0487681940566268,0.407928363835615,0,0.155671681730038,0,0,0.0450888264324821,0,0,0,0.092,0.122096556657427,1.07904574526257
"RS_03239011",0.234880724623022,0,0,0.0236872853186219,0,0.338179981634197,0,0.0355119557628798,0.0580539258513193,0,0.0239741770236336,0,0.0118041952211473,0.111617770373971,0.00278594398725546,0.114205737405666,0,0,0,0.0118147206777498,0.0334835821205368,0,0.928,-0.0251594624119515,1.11293316736706
"RS_03239012",0,0.00260686691051348,0.061646109391901,0.0880993681059066,0.0132836849289728,0.239996172219043,0,0.122239970355487,0,0,0,0.101521309800695,0.0324784320944538,0.0285549391649604,0.0465368837793046,0.192619608234223,0,0.0476319944205067,0.00187704550552658,0.0209076150885063,0,0,0.69,0.0119427393596718,1.09453694227275
"RS_03239013",0.02242464702643,0,0,0,0,0.320611143314923,0,0.0461313295372145,0.0576678701462088,0,0.0679803261622613,0,0.023663598037212,0.0956552649059383,0.00429123603732342,0.0555641469073275,0,0.00452946181155588,0.261124808538196,0,0,0.0403561675754092,0.905,-0.0200851703410309,1.10578280459133
"RS_03239014",0,0.0280568134278566,0.0166864120448216,0,0.0050474487480527,0.252500228581032,0,0.11482471318387,0,0,0,0.114717016642047,0.0403031785143519,0,0,0.312956757744273,0,0.0493773757801909,0.0622476536118373,0,0,0.00328240172166743,0.801,-0.003446545059152,1.09409883775915
"RS_03239015",0,0.0101974668343202,0.00183828576512113,0,0,0.428826263291381,0,0.0658646764132329,0.0190946001981959,0,0.0548349061688621,0.0306648364006537,0.0591667496020334,0.24071634109562,0,0,0,0,0,0.0860649313492517,0.00273094288132777,0,0.439,0.043707489575391,1.0995129595606
"RS_03239016",0.126996425616274,0,0,0.0321699221008319,0,0.202356822918491,0,0.0737463034323186,0,0,0,0.0280131429594954,0,0.0506908272713406,0.0338913069983289,0.267912779802844,0.0893988926265191,0,0.0948235762735567,0,0,0,0.041,0.163753017832596,1.01568657024087
"RS_03239017",0.0503327452389763,0,0.223059949547019,0.0335687261106272,0,0.108038816148403,0,0.0415149676804424,0,0,0.0438897555021089,0.0162982476456488,0.0114406775829374,0.269715744843427,0.017073108674403,0.176632247631204,0,0,0,0.00843501339480242,0,0,0.077,0.129603439895448,1.0370105245403
"RS_03239018",0,0.0146573020369963,0.101320684412227,0.127707723798622,0,0.131367833261848,0,0.0141657233038189,0.00800306920010555,0,0.00292748664217305,0.0243996172513016,0.0130802220978747,0.223598033895363,0.00646038927859143,0.167290552663081,0,0.00243938580804817,0.156754778446718,0,0,0.00582719790323094,0.085,0.125120398662481,1.03667942667285
"RS_03239019",0.112998050474553,0,0,0.0969760411536371,0,0.219699219026394,0,0.165185125575086,0,0,0,0.0505987467736866,0.0358759111762301,0.0162666286450685,0.092868485404736,0.174599069729432,0,0,0.0349327220411767,0,0,0,0.072,0.134577872874428,1.04183264061216
"RS_03239020",0,0.0074401309796772,0.0455353873339019,0,0,0.171964152053562,0,0.1100265880912,0,0,0,0.0404123876225801,0,0.386162540059573,0,0.214014350464406,0,0,0.0172367231206539,0,0.00720774027444633,0,0.08,0.127853952528601,1.07475044029212
"RS_03239021",0,0.0493832803397051,0.097235626959269,0,0,0.253086432549732,0,0.00823295824855211,0,0,0,0.0486069237613505,0.118597444923561,0.0598425689312379,0.0181978583109382,0.174274786495628,0.094179047530348,0.0106007736772291,0.0332200637535433,0,0,0.0345422345189062,0.147,0.106210327870392,1.03183503604439
"RS_03239022",0.117341396209124,0,0,0.0769740915310516,0,0.373342747499148,0,0,0,0,0.0408205489433524,0.00929440256852275,0.0313992049766419,0,0,0.108273019891625,0.0900078042653932,0.0233794257787723,0.129167358336368,0,0,0,0.695,0.0114407042749877,1.08456444033584
"RS_03239023",0,0.0605857803972526,0.0277052614825817,0.0233671043272919,0,0.23646961628451,0,0.128092072469454,0,0,0.00972524712004688,0.0401982691593054,0,0.0266443615189448,0,0.200908247796898,0,0.149213178006996,0.09709086143672,0,0,0,0.832,-0.00796424950883436,1.08451679911
"RS_03239024",0.116567576734926,0,0.0576457810360386,0,0,0.183164713966372,0,0,0.0569545267447338,0,0,0.0487946832420355,0.0156065670610247,0.135976532971265,0,0.224284475138085,0,0.0544182861094137,0.0820547942634744,0,0,0.0245320627326308,0.889,-0.016789725119615,1.08342505465911
"RS_03239025",0,0.0364717647508964,0.0352362473566495,0.217464407489038,0,0.0771851871201992,0,0.135458916678851,0.135715676431382,0,0.000999822589043283,0.0763259575085656,0.0364231446732634,0,0.0475131311401944,0.132845674913005,0,0.00243267828482115,0.0659273910640914,0,0,0,0.053,0.150524963432366,1.04064319388355
"RS_03239026",0.0519557635198541,0.201181111174553,0.0300048066733504,0.0573836040321664,0.0735904448456719,0.323767769628921,0.0318240854183196,0.0346213889706096,0,0,0.0137251051544532,0.00197162353761372,0.0288779694485142,0.0121508958004789,0.0230252791221859,0.0892918339184415,0,0.0110808964635059,0.01554742229136,0,0,0,0,0.416110614950627,0.910384230744122
"RS_03239027",0.0122586820502888,0.039349639302655,0.12056436748919,0.0524647438103972,0,0.37410565089119,0,0.0313511952376605,0,0,0.0188418385893958,0,0.0827119026014983,0.172016673107976,0.00967942017677214,0.0263162194129571,0,0.00260306153356908,0.0577366057964499,0,0,0,0.837,-0.00832719094493063,1.08745964239203
"RS_03239028",0.127175115012127,0,0.0167356683484166,0.0750533477579241,0,0.320285258886452,0,0.0180875119983195,0,0,0.0280978851005326,0.04518315645437,0.0647207861636941,0.0520970425719584,0.0250602473280553,0.0726967425320794,0,0.0119101122746218,0.06193921828478,0.0101473664723518,0,0.0708105408143177,0.554,0.0274054250456165,1.08056496603145
"RS_03239029",0,0.0216269866312784,0.073687300598038,0.146148756023842,0,0.108493333521157,0.0911000372656074,0.0422449565616932,0.0107312748252242,0,0.0421267816425754,0.0386190107683398,0.0137125336743422,0.0294035770055684,0.0705676360489118,0.182963853062541,0.00207055940649961,0.00119094110090688,0.122146111586357,0,0,0.0031663502771176,0.001,0.28049629669318,0.967071234357239
"RS_03239030",0,0.0414108161639181,0.138858631668736,0.129941071163561,0,0.096572454591833,0.050969547978198,0.094963175965841,0.0400494012144754,0,0.0131456443361408,0.0239908930889945,0.0236261070106111,0.0796733266164661,0.0536627476310034,0.157944163058971,0,0.00527486881286726,0.049917150698383,0,0,0,0,0.333804893913173,0.943372805904439
"RS_03239031",0,0.0593285940299228,0.107462137112692,0.00384845207705002,0,0.32694543482983,0.010896142633833,0,0,0,0.0472619028203649,0,0.0666123297140177,0.0923144314120021,0.0497737506897839,0.148995434335554,0.0137875950788319,0.048048071901672,0,0.0247257233644466,0,0,0.074,0.133188688484307,1.02405773114293
"RS_03239032",0.141418586343117,0,0.0616386770952615,0,0,0.152405492420576,0,0.045028916852227,0.100598169997537,0.0494918579965533,0,0,0,0.0721219363574229,0,0.0935841239772392,0,0.144006415204572,0,0.0669790042434587,0,0.0727268195120351,0.911,-0.021034411268905,1.08616896187387
"RS_03239033",0.16074010171394,0,0.117347827639508,0.0752304948613541,0,0.127966684632627,0,0.0378646586002634,0.0371876988512717,0,0.00571780193011562,0.0655974399692719,0.0715029380041989,0.151088408978163,0.0158445976560764,0.0743081655374022,0,0.00788536982421732,0.0517178118015917,0,0,0,0.35,0.0582692970128116,1.0520540126242
"RS_03239034",0.0677122087854095,0,0.00609884182604035,0.133927988374105,0,0.347419875184763,0.00724347282343998,0,0,0,0.00169961749717175,0.0197602236761231,0.0230308192337016,0.0411341395808972,0.0794029234285478,0.148545287009995,0.0229269001181562,0,0.101097702461649,0,0,0,0.153,0.104345464356641,1.0510931626303
"RS_03239035",0,0.0931080698552265,0.0130440898223931,0.104299815419257,0,0.220616571119445,0.0579713267994865,0.0361992249039441,0,0,0.0495834684393718,0,0.0262711911255771,0.0717870155474282,0.104859206757427,0.116046297720306,0.0346830803050084,0.014047746532058,0.0574828956530705,0,0,0,0.113,0.115982393352984,1.03811107377146
"RS_03239036",0.0540878518128939,0.0758436770940948,0.0715411090320672,0.0177475945832085,0.0131814390317524,0.363397674527528,0,0,0.0187302289543221,0,0,0.0547190917554055,0.03911568408783,0,0.0163363721485714,0.171830448841344,0.0289256703409858,0.0128628215315504,0.0616803362584461,0,0,0,0.027,0.183233558894082,1.00848021962736
"RS_03239037",0.0175828413071986,0,0.108233727533642,0.142723807282841,0,0.27272452211714,0.0393479720985432,0.0572556197236749,0,0,0.00914626769642825,0,0.0155473801161512,0.0497263926917446,0.0818509085108085,0.162965946751209,0,0.022087738929112,0.0208068752415073,0,0,0,0.001,0.28972901392291,0.966684072434635
"RS_03239038",0.0358895917977404,0.118454508832389,0.0536790203128181,0.0410872077774945,0.0129207111178728,0.154057408107484,0.012817609459593,0.0115184152623878,0,0,0,0.0225590135752371,0.0504481432718864,0.118021617999493,0,0.19729033490521,0,0.0561216331132058,0.115134784467188,0,0,0,0,0.348822160444816,0.937593519219381
"RS_03239039",0,0.0169680544051012,0.142327072029446,0,0.106991074321894,0.275228616348989,0.0265849311021918,0,0,0,0.028662505806921,0.00364241039347811,0.0349011700873589,0.0206919219160818,0,0.19924527888484,0,0.0661424126643083,0.0380763151951437,0,0,0.0405382368442461,0.433,0.0443314699961475,1.05566680903863
"RS_03239040",0,0.0908675776965798,0.0873801847673987,0.0370153886730547,0,0.372494384781616,0,0.0145260405326603,0.0485338556510165,0,0,0.000711474257335615,0.0173747866453678,0,0.0214113555097296,0.177999451774971,0.0137969169251106,0.0686243378724867,0.0343462555800228,0,0.000244453431615852,0.0146735359010335,0.392,0.052542609051405,1.06102233319423
"RS_03239041",0,0.0247485015750457,0.0756499961802795,0.000810471535480229,0,0.143346539282727,0,0.065791764749741,0.00713613869866267,0,0.0797453364310578,0,0.0346954121771081,0.249193091965278,0,0.192629810784145,0.00265894527549021,0.0409348635392237,0,0.050021891942705,0.022334989776596,0.0103022460864597,0.317,0.0637300097923093,1.06958368465772
"RS_03239042",0.153166772077527,0,0.0850167650950833,0.024764131022659,0,0.190507083931628,0,0.0379127956943775,0.0311691628773814,0,0,0.0175227106749805,0.00791602210086524,0,0.0168817907116593,0.236369843763162,0.0042399120527673,0.0710672234649311,0.123465786532978,0,0,0,0.979,-0.0426244971750586,1.08367730879016
"RS_03239043",0.0156733382366486,0,0.00805934542296026,0.0609947231983929,0,0.294993859115492,0,0.0138177660297656,0,0,0.0133974401763188,0,0.00943049610946186,0.207363861015248,0.0427149645287719,0.311281319940747,0,0,0.0222728862261925,0,0,0,0.279,0.0716226912292142,1.08125476773767
